[
{"accuracy":85.3,"baseAttack":9,"equippedArmor":[{"Key":"Helmet","Value":{"defense":5}},{"Key":"Chestpiece","Value":{"defense":8}},{"Key":"Gloves","Value":{"defense":1}},{"Key":"Boots","Value":{"defense":3}}],"equippedWeapon":{"attack":3,"name":"The Weapon"},"gender":"male","health":100,"name":"Defaulto","statusEffect":null},
{"accuracy":47.8,"baseAttack":12,"equippedArmor":[{"Key":"Chestpiece","Value":{"defense":15}}],"equippedWeapon":{"attack":15,"name":"The Great One"},"gender":"male","health":150,"name":"Person the Great","statusEffect":null},
{"accuracy":88.0,"baseAttack":25,"equippedArmor":[],"equippedWeapon":{"attack":50,"name":"Teeth"},"gender":"female","health":160,"name":"Albino Crocodile","statusEffect":null},
{"accuracy":35.7,"baseAttack":19,"equippedArmor":[{"Key":"Gloves","Value":{"defense":1}},{"Key":"Boots","Value":{"defense":3}}],"equippedWeapon":{"attack":2,"name":"Bare Hands"},"gender":"female","health":75,"name":"Goof","statusEffect":null},
{"accuracy":71.9,"baseAttack":40,"equippedArmor":[{"Key":"Chestpiece","Value":{"defense":2}},{"Key":"Boots","Value":{"defense":2}}],"equippedWeapon":{"attack":5,"name":"Knife"},"gender":"male","health":300,"name":"Brock Samson","statusEffect":null},
{"accuracy":56.0,"baseAttack":32,"equippedArmor":[{"Key":"Boots","Value":{"defense":4}}],"equippedWeapon":{"attack":12,"name":"Suplex"},"gender":"male","health":250,"name":"Brock Lesner","statusEffect":null},
{"accuracy":18.0,"baseAttack":6,"equippedArmor":[{"Key":"Chestpiece","Value":{"defense":5}},{"Key":"Gloves","Value":{"defense":2}}],"equippedWeapon":{"attack":8,"name":"Wand"},"gender":"female","health":125,"name":"Garviel","statusEffect":null},
{"accuracy":75.2,"baseAttack":15,"equippedArmor":[{"Key":"Helmet","Value":{"defense":9}},{"Key":"Chestpiece","Value":{"defense":20}},{"Key":"Gloves","Value":{"defense":5}},{"Key":"Boots","Value":{"defense":7}}],"equippedWeapon":{"attack":5,"name":"Sword and Shield"},"gender":"male","health":300,"name":"Potonoodle","statusEffect":null},
{"accuracy":60.3,"baseAttack":2,"equippedArmor":[{"Key":"Helmet","Value":{"defense":3}},{"Key":"Chestpiece","Value":{"defense":6}}],"equippedWeapon":{"attack":10,"name":"Magic Missile"},"gender":"male","health":60,"name":"Thurmgeist","statusEffect":null},
{"accuracy":90.5,"baseAttack":1,"equippedArmor":[{"Key":"Chestpiece","Value":{"defense":5}},{"Key":"Gloves","Value":{"defense":2}},{"Key":"Boots","Value":{"defense":2}}],"equippedWeapon":{"attack":6,"name":"Staff"},"gender":"female","health":80,"name":"Livec","statusEffect":null}
]